[
{
  "model": "skill.category",
  "pk": 1,
  "fields": {
    "seo_title": "Analysis help",
    "seo_description": "",
    "name": "Analysis help",
    "slug": "analysis_help",
    "description": "",
    "parent": null,
    "background_image": "",
    "lft": 1,
    "rght": 2,
    "tree_id": 1,
    "level": 0
  }
},
{
  "model": "skill.category",
  "pk": 7,
  "fields": {
    "seo_title": "data-analytics",
    "seo_description": "",
    "name": "Data Analytics",
    "slug": "data-analytics",
    "description": "",
    "parent": null,
    "background_image": "category-backgrounds/DEMO-04.jpg",
    "lft": 1,
    "rght": 2,
    "tree_id": 1,
    "level": 0
  }
},
{
  "model": "skill.category",
  "pk": 8,
  "fields": {
    "seo_title": "",
    "seo_description": "",
    "name": "Programming",
    "slug": "programming",
    "description": "",
    "parent": null,
    "background_image": "category-backgrounds/groceries_Uzz3jE8.png",
    "lft": 1,
    "rght": 2,
    "tree_id": 2,
    "level": 0
  }
},
{
  "model": "skill.category",
  "pk": 9,
  "fields": {
    "seo_title": "",
    "seo_description": "",
    "name": "Miscellaneous",
    "slug": "miscellaneous",
    "description": "",
    "parent": null,
    "background_image": "category-backgrounds/cos.jpg",
    "lft": 1,
    "rght": 2,
    "tree_id": 3,
    "level": 0
  }
},
{
  "model": "skill.skilltype",
  "pk": 1,
  "fields": {
    "name": "Statistics",
    "has_variants": false,
    "is_delivery_required": true,
    "tax_rate": "standard",
    "weight": "0"
  }
},
{
  "model": "skill.skilltype",
  "pk": 7,
  "fields": {
    "name": "Business analysis",
    "has_variants": true,
    "is_delivery_required": true,
    "tax_rate": "standard",
    "weight": "0"
  }
},
{
  "model": "skill.skilltype",
  "pk": 10,
  "fields": {
    "name": "Machine learning",
    "has_variants": false,
    "is_delivery_required": false,
    "tax_rate": "standard",
    "weight": "0"
  }
},
{
  "model": "skill.skilltype",
  "pk": 13,
  "fields": {
    "name": "Infrastructure support",
    "has_variants": false,
    "is_delivery_required": false,
    "tax_rate": "standard",
    "weight": "0"
  }
},
{
  "model": "skill.skilltype",
  "pk": 11,
  "fields": {
    "name": "Database engineering",
    "has_variants": false,
    "is_delivery_required": false,
    "tax_rate": "standard",
    "weight": "0"
  }
},
{
  "model": "skill.skilltype",
  "pk": 9,
  "fields": {
    "name": "C# Programming",
    "has_variants": false,
    "is_delivery_required": false,
    "tax_rate": "standard",
    "weight": "0"
  }
},
{
  "model": "skill.skilltype",
  "pk": 8,
  "fields": {
    "name": "Python programming",
    "has_variants": false,
    "is_delivery_required": false,
    "tax_rate": "standard",
    "weight": "0"
  }
},
{
  "model": "skill.skilltype",
  "pk": 14,
  "fields": {
    "name": "Data analysis",
    "has_variants": true,
    "is_delivery_required": true,
    "tax_rate": "standard",
    "weight": "0"
  }
},
{
  "model": "skill.skilltype",
  "pk": 12,
  "fields": {
    "name": "Java programming",
    "has_variants": true,
    "is_delivery_required": false,
    "tax_rate": "standard",
    "weight": "0"
  }
},
{
  "model": "skill.skill",
  "pk": 2,
  "fields": {
    "seo_title": "linear regression",
    "seo_description": "Linear regression, logistic regression",
    "skill_type": 1,
    "name": "Linear regression",
    "description": "logistic regression\t<p>Linear regression, logistic regression</p>",
    "category": 7,
    "price": {
      "_type": "Money",
      "amount": "35.00",
      "currency": "USD"
    },
    "publication_date": null,
    "is_published": true,
    "attributes": "{}",
    "updated_at": "2018-11-05T11:30:13.329Z",
    "charge_taxes": true,
    "tax_rate": "standard",
    "owner_id": 1,
    "experience_years": 2
  }
},
{
  "model": "skill.skill",
  "pk": 1,
  "fields": {
    "seo_title": "",
    "seo_description": "Stats calculation work hourly rate.",
    "skill_type": 1,
    "name": "Stats calculation",
    "description": "<p>Stats calculation.</p>",
    "category": 1,
    "price": {
      "_type": "Money",
      "amount": "15.00",
      "currency": "USD"
    },
    "publication_date": null,
    "is_published": true,
    "attributes": "{}",
    "updated_at": "2018-11-05T11:30:13.431Z",
    "charge_taxes": true,
    "tax_rate": "standard",
    "owner_id": 1,
    "experience_years": 2
  }
},
{
  "model": "skill.skill",
  "pk": 111,
  "fields": {
    "seo_title": "",
    "seo_description": "Machine Learning work, hourly",
    "skill_type": 14,
    "name": "Machine Learning",
    "description": "Machine Learning, model development, implementation",
    "category": 7,
    "price": {
      "_type": "Money",
      "amount": "15.00",
      "currency": "USD"
    },
    "publication_date": null,
    "is_published": true,
    "attributes": "{\"25\":\"82\"}",
    "updated_at": "2018-11-05T11:30:13.446Z",
    "charge_taxes": true,
    "tax_rate": "standard",
    "owner_id": 1,
    "experience_years": 2
  }
},
{
  "model": "skill.skill",
  "pk": 72,
  "fields": {
    "seo_title": "",
    "seo_description": "c# programming - all types",
    "skill_type": 7,
    "name": "c# programming - all types",
    "description": "<p>c# programming - all types.</p>",
    "category": 7,
    "price": {
      "_type": "Money",
      "amount": "15.00",
      "currency": "USD"
    },
    "publication_date": null,
    "is_published": true,
    "attributes": "{\"16\":\"3\"}",
    "updated_at": "2018-11-05T11:30:13.462Z",
    "charge_taxes": true,
    "tax_rate": "standard",
    "owner_id": 1,
    "experience_years": 6
  }
},
{
  "model": "skill.skill",
  "pk": 114,
  "fields": {
    "seo_title": "",
    "seo_description": "Data Engineering;",
    "skill_type": 11,
    "name": "Data Engineering",
    "description": "<p>Data Engineering</p>",
    "category": 7,
    "price": {
      "_type": "Money",
      "amount": "15.00",
      "currency": "USD"
    },
    "publication_date": null,
    "is_published": true,
    "attributes": "{}",
    "updated_at": "2018-11-05T11:30:13.477Z",
    "charge_taxes": true,
    "tax_rate": "standard",
    "owner_id": 1,
    "experience_years": 5
  }
},
{
  "model": "skill.skill",
  "pk": 113,
  "fields": {
    "seo_title": "",
    "seo_description": "Big Data.",
    "skill_type": 11,
    "name": "Big Data",
    "description": "<p>Big Data.</p>",
    "category": 7,
    "price": {
      "_type": "Money",
      "amount": "30.00",
      "currency": "USD"
    },
    "publication_date": null,
    "is_published": true,
    "attributes": "{}",
    "updated_at": "2018-11-05T11:30:13.493Z",
    "charge_taxes": true,
    "tax_rate": "standard",
    "owner_id": 1,
    "experience_years": 1
  }
},
{
  "model": "skill.skill",
  "pk": 112,
  "fields": {
    "seo_title": "",
    "seo_description": "Classic web development.",
    "skill_type": 9,
    "name": "Classic web development",
    "description": "Classic web development",
    "category": 9,
    "price": {
      "_type": "Money",
      "amount": "30.00",
      "currency": "USD"
    },
    "publication_date": null,
    "is_published": true,
    "attributes": "",
    "updated_at": "2018-11-05T11:30:13.508Z",
    "charge_taxes": true,
    "tax_rate": "standard",
    "owner_id": 1,
    "experience_years": 12
  }
},
{
  "model": "skill.skill",
  "pk": 79,
  "fields": {
    "seo_title": "",
    "seo_description": "Beautiful visualizations and analytics",
    "skill_type": 14,
    "name": "Tableau dashboards",
    "description": "Beautiful visualizations and analytics.",
    "category": 7,
    "price": {
      "_type": "Money",
      "amount": "3.00",
      "currency": "USD"
    },
    "publication_date": null,
    "is_published": true,
    "attributes": "",
    "updated_at": "2018-11-05T11:30:13.523Z",
    "charge_taxes": true,
    "tax_rate": "standard",
    "owner_id": 1,
    "experience_years": 2
  }
},
{
  "model": "skill.skill",
  "pk": 74,
  "fields": {
    "seo_title": "",
    "seo_description": "Python programming.",
    "skill_type": 9,
    "name": "Python programming",
    "description": "Python programming.",
    "category": 8,
    "price": {
      "_type": "Money",
      "amount": "3.00",
      "currency": "USD"
    },
    "publication_date": null,
    "is_published": true,
    "attributes": "",
    "updated_at": "2018-11-05T11:30:13.538Z",
    "charge_taxes": true,
    "tax_rate": "standard",
    "owner_id": 1,
    "experience_years": 2
  }
},
{
  "model": "skill.skillvariant",
  "pk": 223,
  "fields": {
    "sku": "546451996",
    "name": "Visualization",
    "price_override": {
      "_type": "Money",
      "amount": "15.00",
      "currency": "USD"
    },
    "skill": 79,
    "attributes": "",
    "track_inventory": true,
    "quantity": 113,
    "quantity_allocated": 14,
    "cost_price": {
      "_type": "Money",
      "amount": "5.00",
      "currency": "USD"
    },
    "weight": "0"
  }
},
{
  "model": "skill.skillvariant",
  "pk": 225,
  "fields": {
    "sku": "546451997",
    "name": "Analysis",
    "price_override": {
      "_type": "Money",
      "amount": "35.00",
      "currency": "USD"
    },
    "skill": 79,
    "attributes": "",
    "track_inventory": true,
    "quantity": 19,
    "quantity_allocated": 0,
    "cost_price": {
      "_type": "Money",
      "amount": "10.00",
      "currency": "USD"
    },
    "weight": "0"
  }
},
{
  "model": "skill.skillvariant",
  "pk": 224,
  "fields": {
    "sku": "546451999",
    "name": "Insights",
    "price_override": {
      "_type": "Money",
      "amount": "49.00",
      "currency": "USD"
    },
    "skill": 79,
    "attributes": "",
    "track_inventory": true,
    "quantity": 7,
    "quantity_allocated": 7,
    "cost_price": {
      "_type": "Money",
      "amount": "20.00",
      "currency": "USD"
    },
    "weight": "0"
  }
},
{
  "model": "skill.skillvariant",
  "pk": 281,
  "fields": {
    "sku": "998223591",
    "name": "java-web",
    "price_override": {
      "_type": "Money",
      "amount": "15.00",
      "currency": "USD"
    },
    "skill": 112,
    "attributes": "",
    "track_inventory": true,
    "quantity": 42,
    "quantity_allocated": 18,
    "cost_price": {
      "_type": "Money",
      "amount": "5.00",
      "currency": "USD"
    },
    "weight": "0"
  }
},
{
  "model": "skill.skillvariant",
  "pk": 282,
  "fields": {
    "sku": "998223599",
    "name": "Django",
    "price_override": {
      "_type": "Money",
      "amount": "25.00",
      "currency": "USD"
    },
    "skill": 112,
    "attributes": "",
    "track_inventory": true,
    "quantity": 110,
    "quantity_allocated": 0,
    "cost_price": {
      "_type": "Money",
      "amount": "10.00",
      "currency": "USD"
    },
    "weight": "0.0"
  }
},
{
  "model": "skill.skillvariant",
  "pk": 283,
  "fields": {
    "sku": "998223594",
    "name": "Scala",
    "price_override": {
      "_type": "Money",
      "amount": "49.00",
      "currency": "USD"
    },
    "skill": 112,
    "attributes": "",
    "track_inventory": true,
    "quantity": 120,
    "quantity_allocated": 9,
    "cost_price": {
      "_type": "Money",
      "amount": "25.00",
      "currency": "USD"
    },
    "weight": "0.0"
  }
},
{
  "model": "skill.skillvariant",
  "pk": 277,
  "fields": {
    "sku": "998223582",
    "name": "Classification",
    "price_override": {
      "_type": "Money",
      "amount": "15.00",
      "currency": "USD"
    },
    "skill": 111,
    "attributes": "",
    "track_inventory": true,
    "quantity": 1235,
    "quantity_allocated": 4,
    "cost_price": {
      "_type": "Money",
      "amount": "5.00",
      "currency": "USD"
    },
    "weight": "1.0"
  }
},
{
  "model": "skill.skillvariant",
  "pk": 278,
  "fields": {
    "sku": "998223583",
    "name": "Neural Nets",
    "price_override": {
      "_type": "Money",
      "amount": "25.00",
      "currency": "USD"
    },
    "skill": 111,
    "attributes": "",
    "track_inventory": true,
    "quantity": 1222,
    "quantity_allocated": 11,
    "cost_price": {
      "_type": "Money",
      "amount": "10.00",
      "currency": "USD"
    },
    "weight": "0"
  }
},
{
  "model": "skill.skillvariant",
  "pk": 279,
  "fields": {
    "sku": "998223584",
    "name": "NLP",
    "price_override": {
      "_type": "Money",
      "amount": "49.00",
      "currency": "USD"
    },
    "skill": 111,
    "attributes": "",
    "track_inventory": true,
    "quantity": 463,
    "quantity_allocated": 18,
    "cost_price": {
      "_type": "Money",
      "amount": "20.00",
      "currency": "USD"
    },
    "weight": "0"
  }
},
{
  "model": "skill.skillvariant",
  "pk": 280,
  "fields": {
    "sku": "998323582",
    "name": "Image recognition",
    "price_override": {
      "_type": "Money",
      "amount": "15.00",
      "currency": "USD"
    },
    "skill": 111,
    "attributes": "",
    "track_inventory": true,
    "quantity": 987,
    "quantity_allocated": 1,
    "cost_price": {
      "_type": "Money",
      "amount": "5.00",
      "currency": "USD"
    },
    "weight": "0"
  }
},
{
  "model": "skill.skillvariant",
  "pk": 291,
  "fields": {
    "sku": "998323583",
    "name": "Databases",
    "price_override": {
      "_type": "Money",
      "amount": "30.00",
      "currency": "USD"
    },
    "skill": 114,
    "attributes": "",
    "track_inventory": true,
    "quantity": 758,
    "quantity_allocated": 7,
    "cost_price": {
      "_type": "Money",
      "amount": "10.00",
      "currency": "USD"
    },
    "weight": "0"
  }
},
{
  "model": "skill.skillvariant",
  "pk": 292,
  "fields": {
    "sku": "998323584",
    "name": "Infrastructure",
    "price_override": {
      "_type": "Money",
      "amount": "49.00",
      "currency": "USD"
    },
    "skill": 114,
    "attributes": "",
    "track_inventory": true,
    "quantity": 576,
    "quantity_allocated": 5,
    "cost_price": {
      "_type": "Money",
      "amount": "15.00",
      "currency": "USD"
    },
    "weight": "0"
  }
},
{
  "model": "skill.skillvariant",
  "pk": 286,
  "fields": {
    "sku": "998423582",
    "name": "Hadoop",
    "price_override": {
      "_type": "Money",
      "amount": "15.00",
      "currency": "USD"
    },
    "skill": 113,
    "attributes": "=",
    "track_inventory": true,
    "quantity": 423,
    "quantity_allocated": 12,
    "cost_price": {
      "_type": "Money",
      "amount": "5.00",
      "currency": "USD"
    },
    "weight": ""
  }
},
{
  "model": "skill.skillvariant",
  "pk": 287,
  "fields": {
    "sku": "998423583",
    "name": "MongoDB",
    "price_override": {
      "_type": "Money",
      "amount": "30.00",
      "currency": "USD"
    },
    "skill": 113,
    "attributes": "",
    "track_inventory": true,
    "quantity": 513,
    "quantity_allocated": 2,
    "cost_price": {
      "_type": "Money",
      "amount": "10.00",
      "currency": "USD"
    },
    "weight": ""
  }
},
{
  "model": "skill.skillvariant",
  "pk": 288,
  "fields": {
    "sku": "998423585",
    "name": "Spark",
    "price_override": {
      "_type": "Money",
      "amount": "49.00",
      "currency": "USD"
    },
    "skill": 113,
    "attributes": "",
    "track_inventory": true,
    "quantity": 153,
    "quantity_allocated": 12,
    "cost_price": {
      "_type": "Money",
      "amount": "15.00",
      "currency": "USD"
    },
    "weight": "0"
  }
},
{
  "model": "skill.attribute",
  "pk": 13,
  "fields": {
    "slug": "modular",
    "name": "Modular",
    "skill_type": null,
    "skill_variant_type": null
  }
},
{
  "model": "skill.attribute",
  "pk": 15,
  "fields": {
    "slug": "db-engine",
    "name": "db engine",
    "skill_type": 11,
    "skill_variant_type": null
  }
},
{
  "model": "skill.attribute",
  "pk": 16,
  "fields": {
    "slug": "csharp-programming-framework",
    "name": "framework",
    "skill_type": 9,
    "skill_variant_type": null
  }
},
{
  "model": "skill.attribute",
  "pk": 18,
  "fields": {
    "slug": "ba-methodology",
    "name": "methodology",
    "skill_type": null,
    "skill_variant_type": 7
  }
},
{
  "model": "skill.attribute",
  "pk": 19,
  "fields": {
    "slug": "medium",
    "name": "Medium",
    "skill_type": null,
    "skill_variant_type": 8
  }
},
{
  "model": "skill.attribute",
  "pk": 20,
  "fields": {
    "slug": "ml-libraries",
    "name": "libraries",
    "skill_type": 10,
    "skill_variant_type": null
  }
},
{
  "model": "skill.attribute",
  "pk": 21,
  "fields": {
    "slug": "dbe-environment",
    "name": "environment",
    "skill_type": 11,
    "skill_variant_type": null
  }
},
{
  "model": "skill.attribute",
  "pk": 22,
  "fields": {
    "slug": "cushion-size",
    "name": "Size",
    "skill_type": null,
    "skill_variant_type": 12
  }
},
{
  "model": "skill.attribute",
  "pk": 23,
  "fields": {
    "slug": "java-framework",
    "name": "framework",
    "skill_type": 12,
    "skill_variant_type": null
  }
},
{
  "model": "skill.attribute",
  "pk": 25,
  "fields": {
    "slug": "da-tools",
    "name": "tools",
    "skill_type": 14,
    "skill_variant_type": null
  }
},
{
  "model": "skill.attributevalue",
  "pk": 69,
  "fields": {
    "sort_order": 6,
    "name": "mapreduce",
    "value": "",
    "slug": "mapreduce",
    "attribute": 21
  }
},
{
  "model": "skill.attributevalue",
  "pk": 72,
  "fields": {
    "sort_order": 7,
    "name": "Spring",
    "value": "",
    "slug": "spring",
    "attribute": 23
  }
},
{
  "model": "skill.attributevalue",
  "pk": 73,
  "fields": {
    "sort_order": 8,
    "name": "icefaces",
    "value": "",
    "slug": "icefaces",
    "attribute": 23
  }
},
{
  "model": "skill.attributevalue",
  "pk": 74,
  "fields": {
    "sort_order": 0,
    "name": "Hibernate",
    "value": "",
    "slug": "hibernate",
    "attribute": 23
  }
},
{
  "model": "skill.attributevalue",
  "pk": 49,
  "fields": {
    "sort_order": 1,
    "name": "jquery",
    "value": "",
    "slug": "jquery",
    "attribute": 16
  }
},
{
  "model": "skill.attributevalue",
  "pk": 50,
  "fields": {
    "sort_order": 2,
    "name": "NHibernate",
    "value": "",
    "slug": "nhibernate",
    "attribute": 16
  }
},
{
  "model": "skill.attributevalue",
  "pk": 51,
  "fields": {
    "sort_order": 3,
    "name": "LINQ",
    "value": "",
    "slug": "linq",
    "attribute": 16
  }
},
{
  "model": "skill.attributevalue",
  "pk": 63,
  "fields": {
    "sort_order": 4,
    "name": "keras",
    "value": "",
    "slug": "keras",
    "attribute": 19
  }
},
{
  "model": "skill.attributevalue",
  "pk": 64,
  "fields": {
    "sort_order": 0,
    "name": "theano",
    "value": "",
    "slug": "theano",
    "attribute": 19
  }
},
{
  "model": "skill.attributevalue",
  "pk": 65,
  "fields": {
    "sort_order": 1,
    "name": "pandas",
    "value": "",
    "slug": "pandas",
    "attribute": 19
  }
},
{
  "model": "skill.attributevalue",
  "pk": 66,
  "fields": {
    "sort_order": 2,
    "name": "scikit",
    "value": "",
    "slug": "scikit",
    "attribute": 19
  }
},
{
  "model": "skill.attributevalue",
  "pk": 82,
  "fields": {
    "sort_order": 3,
    "name": "python",
    "value": "",
    "slug": "python",
    "attribute": 25
  }
},
{
  "model": "skill.attributevalue",
  "pk": 3,
  "fields": {
    "sort_order": 4,
    "name": "R",
    "value": "",
    "slug": "r",
    "attribute": 25
  }
},
{
  "model": "skill.skillimage",
  "pk": 7,
  "fields": {
    "sort_order": 0,
    "skill_type": 9,
    "image": "skills/Microsoft_.NET_logo_yjeACAr.png",
    "ppoi": "0.5x0.5",
    "alt": ""
  }
},
{
  "model": "skill.skillimage",
  "pk": 51,
  "fields": {
    "sort_order": 0,
    "skill_type": 1,
    "image": "skills/stats1_kSuP9Ku.jfif",
    "ppoi": "0.5x0.5",
    "alt": ""
  }
},
{
  "model": "skill.skillimage",
  "pk": 9,
  "fields": {
    "sort_order": 0,
    "skill_type": 8,
    "image": "skills/python_xrOy2uN.jfif",
    "ppoi": "0.5x0.5",
    "alt": ""
  }
},
{
  "model": "skill.skillimage",
  "pk": 14,
  "fields": {
    "sort_order": 0,
    "skill_type": 14,
    "image": "skills/visualisation_eb1tnh0.jfif",
    "ppoi": "0.5x0.5",
    "alt": ""
  }
},
{
  "model": "skill.skillimage",
  "pk": 40,
  "fields": {
    "sort_order": 0,
    "skill_type": 13,
    "image": "skills/download.jfif",
    "ppoi": "0.5x0.5",
    "alt": ""
  }
},
{
  "model": "skill.skillimage",
  "pk": 44,
  "fields": {
    "sort_order": 0,
    "skill_type": 10,
    "image": "skills/data_MlLpHpu.png",
    "ppoi": "0.5x0.5",
    "alt": ""
  }
},
{
  "model": "skill.skillimage",
  "pk": 37,
  "fields": {
    "sort_order": 0,
    "skill_type": 7,
    "image": "skills/classification_DHigUwZ.jfif",
    "ppoi": "0.5x0.5",
    "alt": ""
  }
},
{
  "model": "skill.skillimage",
  "pk": 42,
  "fields": {
    "sort_order": 0,
    "skill_type": 11,
    "image": "skills/bigdata_Xqz6b6e.jfif",
    "ppoi": "0.5x0.5",
    "alt": ""
  }
},
{
  "model": "skill.collection",
  "pk": 1,
  "fields": {
    "seo_title": "",
    "seo_description": "",
    "name": "Summer collection",
    "slug": "summer-collection",
    "background_image": "collection-backgrounds/summer_3Zz9sHf.jpg",
    "is_published": false,
    "skills": [
      1,
      111,
      113,
      114
    ]
  }
}
]
